Year,Winner_Open_Australie_men,Runner-Up_Open_Australie_men,Score_Open_Australie_men,Winner_Rolland_Garros_men,Runner-Up_Rolland_Garros_men,Score_Rolland_Garros_men,Winner_US_Open_men,Runner-Up_US_Open_men,Score_US_Open_men,Winner_Wimbledon_men,Runner-Up_Wimbledon_men,Score_Wimbledon_men,Winner_Open_Australie_women,Runner-Up_Open_Australie_women,Score_Open_Australie_women,Winner_Rolland_Garros_women,Runner-Up_Rolland_Garros_women,Score_Rolland_Garros_women,Winner_US_Open_women,Runner-Up_US_Open_women,Score_US_Open_women,Winner_Wimbledon_women,Runner-Up_Wimbledon_women,Score_Wimbledon_women,1st_place_atp,2nd_place_atp,3rd_place_atp,1st_place_wta,2nd_place_wta,3rd_place_wta
2024,J. Sinner,D. Medvedev,"(3-6, 3-6, 6-4, 6-4, 6-3)",,,,,,,,,,A. Sabalenka,Q. Zheng,"(6-3, 6-2)",,,,,,,,,,,,,,,
2023,N. Djokovic,S. Tsitsipas,"(6-3, 7-6, 7-6)",N. Djokovic,C. Ruud,"(7-6, 6-3, 7-5)",N. Djokovic,D. Medvedev,"(6-3, 7-6, 6-3)",C. Alcaraz,N. Djokovic,"(1-6, 7-6, 6-1, 3-6, 6-4)",A. Sabalenka,E. Rybakina,"(4-6, 6-3, 6-4)",I. Swiatek,K. Muchova,"(6-2, 5-7, 6-4)",C. Gauff,A. Sabalenka,"(2-6, 6-3, 6-2)",M. Vondrousova,O. Jabeur,"(6-4, 6-4)",,,,,,
2022,R. Nadal,D. Medvedev,"(2-6, 6-7, 6-4, 6-4, 7-5)",R. Nadal,C. Ruud,"(6-3, 6-3, 6-0)",C. Alcaraz,C. Ruud,"(6-4, 2-6, 7-6, 6-3)",N. Djokovic,N. Kyrgios,"(4-6, 6-3, 6-4, 7-6)",A. Barty,D. Collins,"(6-3, 7-6)",I. Swiatek,C. Gauff,"(6-1, 6-3)",I. Swiatek,O. Jabeur,"(6-2, 7-6)",E. Rybakina,O. Jabeur,"(3-6, 6-2, 6-2)",,,,,,
2021,N. Djokovic,D. Medvedev,"(7-5, 6-2, 6-2)",N. Djokovic,S. Tsitsipas,"(6-7, 2-6, 6-3, 6-2, 6-4)",D. Medvedev,N. Djokovic,"(6-4, 6-4, 6-4)",N. Djokovic,M. Berrettini,"(6-7, 6-4, 6-4, 6-3)",N. Osaka,J. Brady,"(6-4, 6-3)",B. Krejcikova,A. Pavlyuchenkova,"(6-1, 2-6, 6-4)",E. Raducanu,L. Fernandez,"(6-4, 6-3)",A. Barty,K. Pliskova,"(6-3, 6-7, 6-3)",,,,,,
2020,N. Djokovic,D. Thiem,"(6-4, 4-6, 2-6, 6-3, 6-4)",R. Nadal,N. Djokovic,"(6-0, 6-2, 7-5)",D. Thiem,A. Zverev,"(2-6, 4-6, 6-4, 6-3, 7-6)",Non Attribué,Non Attribué,(),S. Kenin,G. Muguruza,"(4-6, 6-2, 6-2)",I. Swiatek,S. Kenin,"(6-4, 6-1)",N. Osaka,V. Azarenka,"(1-6, 6-3, 6-3)",Non Attribué,Non Attribué,(),N. Djokovic,R. Nadal,D. Thiem,A. Barty,S. Halep,N. Osaka
2019,N. Djokovic,R. Nadal,"(6-3, 6-2, 6-3)",R. Nadal,D. Thiem,"(6-3, 5-7, 6-1, 6-1)",R. Nadal,D. Medvedev,"(7-5, 6-3, 5-7, 4-6, 6-4)",N. Djokovic,R. Federer,"(7-6, 1-6, 7-6, 4-6, 13-12)",N. Osaka,P. Kvitova,"(7-6, 5-7, 6-4)",A. Barty,M. Vondrousova,"(6-1, 6-3)",B. Andreescu,S. Williams,"(6-3, 7-5)",S. Halep,S. Williams,"(6-2, 6-2)",R. Nadal,N. Djokovic,R. Federer,A. Barty,K. Pliskova,N. Osaka
2018,R. Federer,M. Cilic,"(6-2, 6-7, 6-3, 3-6, 6-1)",R. Nadal,D. Thiem,"(6-4, 6-3, 6-2)",N. Djokovic,J. Del Potro,"(6-3, 7-6, 6-3)",N. Djokovic,K. Anderson,"(6-2, 6-2, 7-6)",C. Wozniacki,S. Halep,"(7-6, 3-6, 6-4)",S. Halep,S. Stephens,"(3-6, 6-4, 6-1)",N. Osaka,S. Williams,"(6-2, 6-4)",A. Kerber,S. Williams,"(6-3, 6-3)",N. Djokovic,R. Nadal,R. Federer,S. Halep,A. Kerber,C. Wozniacki
2017,R. Federer,R. Nadal,"(6-4, 3-6, 6-1, 3-6, 6-3)",R. Nadal,S. Wawrinka,"(6-2, 6-3, 6-1)",R. Nadal,K. Anderson,"(6-3, 6-3, 6-4)",R. Federer,M. Cilic,"(6-3, 6-1, 6-4)",S. Williams,V. Williams,"(6-4, 6-4)",J. Ostapenko,S. Halep,"(4-6, 6-4, 6-3)",S. Stephens,M. Keys,"(6-3, 6-0)",G. Muguruza,V. Williams,"(7-5, 6-0)",R. Nadal,R. Federer,G. Dimitrov,S. Halep,G. Muguruza,C. Wozniacki
2016,N. Djokovic,A. Murray,"(6-1, 7-5, 7-6)",N. Djokovic,A. Murray,"(3-6, 6-1, 6-2, 6-4)",S. Wawrinka,N. Djokovic,"(6-7, 6-4, 7-5, 6-3)",A. Murray,M. Raonic,"(6-4, 7-6, 7-6)",A. Kerber,S. Williams,"(6-4, 3-6, 6-4)",G. Muguruza,S. Williams,"(7-5, 6-4)",A. Kerber,K. Pliskova,"(6-3, 4-6, 6-4)",S. Williams,A. Kerber,"(7-5, 6-3)",A. Murray,N. Djokovic,M. Raonic,A. Kerber,S. Williams,A. Radwanska
2015,N. Djokovic,A. Murray,"(7-6, 6-7, 6-3, 6-0)",S. Wawrinka,N. Djokovic,"(4-6, 6-4, 6-3, 6-4)",N. Djokovic,R. Federer,"(6-4, 5-7, 6-4, 6-4)",N. Djokovic,R. Federer,"(7-6, 6-7, 6-4, 6-3)",S. Williams,M. Sharapova,"(6-3, 7-6)",S. Williams,L. Safarova,"(6-3, 6-7, 6-2)",F. Pennetta,R. Vinci,"(7-6, 6-2)",S. Williams,G. Muguruza,"(6-4, 6-4)",N. Djokovic,A. Murray,R. Federer,S. Williams,S. Halep,G. Muguruza
2014,S. Wawrinka,R. Nadal,"(6-3, 6-2, 3-6, 6-3)",R. Nadal,N. Djokovic,"(3-6, 7-5, 6-2, 6-4)",M. Cilic,K. Nishikori,"(6-3, 6-3, 6-3)",N. Djokovic,R. Federer,"(6-7, 6-4, 7-6, 5-7, 6-4)",N. Li,D. Cibulkova,"(7-6, 6-0)",M. Sharapova,S. Halep,"(6-4, 6-7, 6-4)",S. Williams,C. Wozniacki,"(6-3, 6-3)",P. Kvitova,E. Bouchard,"(6-3, 6-0)",N. Djokovic,R. Federer,R. Nadal,S. Williams,M. Sharapova,S. Halep
2013,N. Djokovic,A. Murray,"(6-7, 7-6, 6-3, 6-2)",R. Nadal,D. Ferrer,"(6-3, 6-2, 6-3)",R. Nadal,N. Djokovic,"(6-2, 3-6, 6-4, 6-1)",A. Murray,N. Djokovic,"(6-4, 7-5, 6-4)",V. Azarenka,N. Li,"(4-6, 6-4, 6-3)",S. Williams,M. Sharapova,"(6-4, 6-4)",S. Williams,V. Azarenka,"(7-5, 6-7, 6-1)",M. Bartoli,S. Lisicki,"(6-1, 6-4)",R. Nadal,N. Djokovic,D. Ferrer,S. Williams,V. Azarenka,N. Li
2012,N. Djokovic,R. Nadal,"(5-7, 6-4, 6-2, 6-7, 7-5)",R. Nadal,N. Djokovic,"(6-4, 6-3, 2-6, 7-5)",A. Murray,N. Djokovic,"(7-6, 7-5, 2-6, 3-6, 6-2)",R. Federer,A. Murray,"(4-6, 7-5, 6-3, 6-4)",V. Azarenka,M. Sharapova,"(6-3, 6-0)",M. Sharapova,S. Errani,"(6-3, 6-2)",S. Williams,V. Azarenka,"(6-2, 2-6, 7-5)",S. Williams,A. Radwanska,"(6-1, 5-7, 6-2)",N. Djokovic,R. Federer,A. Murray,V. Azarenka,M. Sharapova,S. Williams
2011,N. Djokovic,A. Murray,"(6-4, 6-2, 6-3)",R. Nadal,R. Federer,"(7-5, 7-6, 5-7, 6-1)",N. Djokovic,R. Nadal,"(6-2, 6-4, 6-7, 6-1)",N. Djokovic,R. Nadal,"(6-4, 6-1, 1-6, 6-3)",K. Clijsters,N. Li,"(3-6, 6-3, 6-3)",N. Li,F. Schiavone,"(6-4, 7-6)",S. Stosur,S. Williams,"(6-2, 6-3)",P. Kvitova,M. Sharapova,"(6-3, 6-4)",N. Djokovic,R. Nadal,R. Federer,C. Wozniacki,P. Kvitova,V. Azarenka
2010,R. Federer,A. Murray,"(6-3, 6-4, 7-6)",R. Nadal,R. Soderling,"(6-4, 6-2, 6-4)",R. Nadal,N. Djokovic,"(6-4, 5-7, 6-4, 6-2)",R. Nadal,T. Berdych,"(6-3, 7-5, 6-4)",S. Williams,J. Henin,"(6-4, 3-6, 6-2)",F. Schiavone,S. Stosur,"(6-4, 7-6)",K. Clijsters,V. Zvonareva,"(6-2, 6-1)",S. Williams,V. Zvonareva,"(6-3, 6-2)",R. Nadal,R. Federer,N. Djokovic,C. Wozniacki,V. Zvonareva,K. Clijsters
2009,R. Nadal,R. Federer,"(7-5, 3-6, 7-6, 3-6, 6-2)",R. Federer,R. Soderling,"(6-1, 7-6, 6-4)",J. Del Potro,R. Federer,"(3-6, 7-6, 4-6, 7-6, 6-2)",R. Federer,A. Roddick,"(5-7, 7-6, 7-6, 3-6, 16-14)",S. Williams,D. Safina,"(6-0, 6-3)",S. Kuznetsova,D. Safina,"(6-4, 6-2)",K. Clijsters,C. Wozniacki,"(7-5, 6-3)",S. Williams,V. Williams,"(7-6, 6-2)",R. Federer,R. Nadal,N. Djokovic,S. Williams,D. Safina,S. Kuznetsova
2008,N. Djokovic,J. Tsonga,"(4-6, 6-4, 6-3, 7-6)",R. Nadal,R. Federer,"(6-1, 6-3, 6-0)",R. Federer,A. Murray,"(6-2, 7-5, 6-2)",R. Nadal,R. Federer,"(6-4, 6-4, 6-7, 6-7, 9-7)",M. Sharapova,A. Ivanovic,"(7-5, 6-3)",A. Ivanovic,D. Safina,"(6-4, 6-3)",S. Williams,J. Jankovic,"(6-4, 7-5)",V. Williams,S. Williams,"(7-5, 6-4)",R. Nadal,R. Federer,N. Djokovic,J. Jankovic,S. Williams,D. Safina
2007,R. Federer,F. Gonzalez,"(7-6, 6-4, 6-4)",R. Nadal,R. Federer,"(6-3, 4-6, 6-3, 6-4)",R. Federer,N. Djokovic,"(7-6, 7-6, 6-4)",R. Federer,R. Nadal,"(7-6, 4-6, 7-6, 2-6, 6-2)",S. Williams,M. Sharapova,"(6-1, 6-2)",J. Henin,A. Ivanovic,"(6-1, 6-2)",J. Henin,S. Kuznetsova,"(6-1, 6-3)",V. Williams,M. Bartoli,"(6-4, 6-1)",R. Federer,R. Nadal,N. Djokovic,J. Henin,S. Kuznetsova,J. Jankovic
2006,R. Federer,M. Baghdatis,"(5-7, 7-5, 6-0, 6-2)",R. Nadal,R. Federer,"(1-6, 6-1, 6-4, 7-6)",R. Federer,A. Roddick,"(6-2, 4-6, 7-5, 6-1)",R. Federer,R. Nadal,"(6-0, 7-6, 6-7, 6-3)",A. Mauresmo,J. Henin,"(6-1, 2-0)",J. Henin,S. Kuznetsova,"(6-4, 6-4)",M. Sharapova,J. Henin,"(6-4, 6-4)",A. Mauresmo,J. Henin,"(2-6, 6-3, 6-4)",R. Federer,R. Nadal,N. Davydenko,J. Henin,M. Sharapova,A. Mauresmo
2005,M. Safin,L. Hewitt,"(1-6, 6-3, 6-4, 6-4)",R. Nadal,M. Puerta,"(6-7, 6-3, 6-1, 7-5)",R. Federer,A. Agassi,"(6-3, 2-6, 7-6, 6-1)",R. Federer,A. Roddick,"(6-2, 7-6, 6-4)",S. Williams,L. Davenport,"(2-6, 6-3, 6-0)",J. Henin,M. Pierce,"(6-1, 6-1)",K. Clijsters,M. Pierce,"(6-3, 6-1)",V. Williams,L. Davenport,"(4-6, 7-6, 9-7)",R. Federer,R. Nadal,A. Roddick,L. Davenport,K. Clijsters,A. Mauresmo
2004,R. Federer,M. Safin,"(7-6, 6-4, 6-2)",G. Gaudio,G. Coria,"(0-6, 3-6, 6-4, 6-1, 8-6)",R. Federer,L. Hewitt,"(6-0, 7-6, 6-0)",R. Federer,A. Roddick,"(4-6, 7-5, 7-6, 6-4)",J. Henin,K. Clijsters,"(6-3, 4-6, 6-3)",A. Myskina,E. Dementieva,"(6-1, 6-2)",S. Kuznetsova,E. Dementieva,"(6-3, 7-5)",M. Sharapova,S. Williams,"(6-1, 6-4)",R. Federer,A. Roddick,L. Hewitt,L. Davenport,A. Mauresmo,A. Myskina
2003,A. Agassi,R. Schuettler,"(6-2, 6-2, 6-1)",J. Ferrero,M. Verkerk,"(6-1, 6-3, 6-2)",A. Roddick,J. Ferrero,"(6-3, 7-6, 6-3)",R. Federer,M. Philippoussis,"(7-6, 6-2, 7-6)",S. Williams,V. Williams,"(7-6, 3-6, 6-4)",J. Henin,K. Clijsters,"(6-0, 6-4)",J. Henin,K. Clijsters,"(7-5, 6-1)",S. Williams,V. Williams,"(4-6, 6-4, 6-2)",A. Roddick,R. Federer,J. Ferrero,J. Henin,K. Clijsters,S. Williams
2002,T. Johansson,M. Safin,"(3-6, 6-4, 6-4, 7-6)",A. Costa,J. Ferrero,"(6-1, 6-0, 4-6, 6-3)",P. Sampras,A. Agassi,"(6-3, 6-4, 5-7, 6-4)",L. Hewitt,D. Nalbandian,"(6-1, 6-3, 6-2)",J. Capriati,M. Hingis,"(4-6, 7-6, 6-2)",S. Williams,V. Williams,"(7-5, 6-3)",S. Williams,V. Williams,"(6-4, 6-3)",S. Williams,V. Williams,"(7-6, 6-3)",L. Hewitt,A. Agassi,M. Safin,S. Williams,V. Williams,J. Capriati
2001,A. Agassi,A. Clément,"(6-4, 6-2, 6-2)",G. Kuerten,A. Corretja,"(6-7, 7-5, 6-2, 6-0)",L. Hewitt,P. Sampras,"(7-6, 6-1, 6-1)",G. Ivanisevic,P. Rafter,"(6-3, 3-6, 6-3, 2-6, 9-7)",J. Capriati,M. Hingis,"(6-4, 6-3)",J. Capriati,K. Clijsters,"(1-6, 6-4, 12-10)",V. Williams,S. Williams,"(6-2, 6-4)",V. Williams,J. Henin,"(6-1, 3-6, 6-0)",L. Hewitt,G. Kuerten,A. Agassi,L. Davenport,J. Capriati,V. Williams
2000,A. Agassi,Y. Kafelnikov,"(3-6, 6-3, 6-2, 6-4)",G. Kuerten,M. Norman,"(6-2, 6-3, 2-6, 7-6)",M. Safin,P. Sampras,"(6-4, 6-3, 6-3)",P. Sampras,P. Rafter,"(6-7, 7-6, 6-4, 6-2)",L. Davenport,M. Hingis,"(6-1, 7-5)",M. Pierce,C. Martinez,"(6-2, 7-5)",V. Williams,L. Davenport,"(6-4, 7-5)",V. Williams,L. Davenport,"(6-3, 7-6)",G. Kuerten,M. Safin,P. Sampras,M. Hingis,L. Davenport,V. Williams
1999,Y. Kafelnikov,T. Enqvist,"(4-6, 6-0, 6-3, 7-6)",A. Agassi,A. Medvedev,"(1-6, 2-6, 6-4, 6-3, 6-4)",A. Agassi,T. Martin,"(6-4, 6-7, 6-7, 6-3, 6-2)",P. Sampras,A. Agassi,"(6-3, 6-4, 7-5)",M. Hingis,A. Mauresmo,"(6-2, 6-3)",S. Graf,M. Hingis,"(4-6, 7-5, 6-2)",S. Williams,M. Hingis,"(6-3, 7-6)",L. Davenport,S. Graf,"(6-4, 7-5)",A. Agassi,E. Kafelnikov,P. Sampras,M. Hingis,L. Davenport,V. Williams
1998,P. Korda,M. Rios,"(6-2, 6-2, 6-2)",C. Moya,A. Corretja,"(6-3, 7-5, 6-3)",P. Rafter,M. Philippoussis,"(6-3, 3-6, 6-2, 6-0)",P. Sampras,G. Ivanisevic,"(6-7, 7-6, 6-4, 3-6, 6-2)",M. Hingis,C. Martinez,"(6-3, 6-3)",A. Sanchez-Vicario,M. Seles,"(7-6, 0-6, 6-2)",L. Davenport,M. Hingis,"(6-3, 7-5)",J. Novotna,N. Tauziat,"(6-4, 7-6)",P. Sampras,M. Rios,A. Corretja,L. Davenport,M. Hingis,J. Novotna
1997,P. Sampras,C. Moya,"(6-2, 6-3, 6-3)",G. Kuerten,S. Bruguera,"(6-3, 6-4, 6-2)",P. Rafter,G. Rusedski,"(6-3, 6-2, 4-6, 7-5)",P. Sampras,C. Pioline,"(6-4, 6-2, 6-4)",M. Hingis,M. Pierce,"(6-2, 6-2)",I. Majoli,M. Hingis,"(6-4, 6-2)",M. Hingis,V. Williams,"(6-0, 6-4)",M. Hingis,J. Novotna,"(2-6, 6-3, 6-3)",P. Sampras,P. Rafter,M. Chang,,,
1996,B. Becker,M. Chang,"(6-2, 6-4, 2-6, 6-2)",Y. Kafelnikov,M. Stich,"(7-6, 7-5, 7-6)",P. Sampras,M. Chang,"(6-1, 6-4, 7-6)",R. Krajicek,M. Washington,"(6-3, 6-4, 6-3)",M. Seles,A. Huber,"(6-4, 6-1)",S. Graf,A. Sanchez-Vicario,"(6-3, 6-7, 10-8)",S. Graf,M. Seles,"(7-5, 6-4)",S. Graf,A. Sanchez-Vicario,"(6-3, 7-5)",P. Sampras,M. Chang,E. Kafelnikov,,,
1995,A. Agassi,P. Sampras,"(4-6, 6-1, 7-6, 6-4)",T. Muster,M. Chang,"(7-5, 6-2, 6-4)",P. Sampras,A. Agassi,"(6-4, 6-3, 4-6, 7-5)",P. Sampras,B. Becker,"(6-7, 6-2, 6-4, 6-2)",M. Pierce,A. Sanchez-Vicario,"(6-3, 6-2)",S. Graf,A. Sanchez-Vicario,"(5-7, 6-4, 6-0)",S. Graf,M. Seles,"(7-6, 0-6, 6-3)",S. Graf,A. Sanchez-Vicario,"(4-6, 6-1, 7-5)",P. Sampras,A. Agassi,T. Muster,,,
1994,P. Sampras,T. Martin,"(7-6, 6-4, 6-4)",S. Bruguera,A. Berasategui,"(6-3, 7-5, 2-6, 6-1)",A. Agassi,M. Stich,"(6-1, 7-6, 7-5)",P. Sampras,G. Ivanisevic,"(7-6, 7-6, 6-0)",S. Graf,A. Sanchez-Vicario,"(6-0, 6-2)",A. Sanchez-Vicario,M. Pierce,"(6-4, 6-4)",A. Sanchez-Vicario,S. Graf,"(1-6, 7-6, 6-4)",C. Martinez,M. Navratilova,"(6-4, 3-6, 6-3)",P. Sampras,A. Agassi,B. Becker,,,
1993,J. Courier,S. Edberg,"(6-2, 6-1, 2-6, 7-5)",S. Bruguera,J. Courier,"(6-4, 2-6, 6-2, 3-6, 6-3)",P. Sampras,C. Pioline,"(6-4, 6-4, 6-3)",P. Sampras,J. Courier,"(7-6, 7-6, 3-6, 6-3)",M. Seles,S. Graf,"(4-6, 6-3, 6-2)",S. Graf,A. Sanchez-Vicario,"(4-6, 6-2, 6-4)",S. Graf,H. Sukova,"(6-3, 6-3)",S. Graf,J. Novotna,"(7-6, 1-6, 6-4)",P. Sampras,M. Stich,J. Courier,,,
1992,J. Courier,S. Edberg,"(6-3, 3-6, 6-4, 6-2)",J. Courier,P. Korda,"(7-5, 6-2, 6-1)",S. Edberg,P. Sampras,"(3-6, 6-4, 7-6, 6-2)",A. Agassi,G. Ivanisevic,"(6-7, 6-4, 6-4, 1-6, 6-4)",M. Seles,M. Fernandez,"(6-2, 6-3)",M. Seles,S. Graf,"(6-2, 3-6, 10-8)",M. Seles,A. Sanchez-Vicario,"(6-3, 6-3)",S. Graf,M. Seles,"(6-2, 6-1)",J. Courier,S. Edberg,P. Sampras,,,
1991,B. Becker,I. Lendl,"(1-6, 6-4, 6-4, 6-4)",J. Courier,A. Agassi,"(3-6, 6-4, 2-6, 6-1, 6-4)",S. Edberg,J. Courier,"(6-2, 6-4, 6-0)",M. Stich,B. Becker,"(6-4, 7-6, 6-4)",M. Seles,J. Novotna,"(5-7, 6-3, 6-1)",M. Seles,A. Sanchez-Vicario,"(6-3, 6-4)",M. Seles,M. Navratilova,"(7-6, 6-1)",S. Graf,G. Sabatini,"(6-4, 3-6, 8-6)",S. Edberg,J. Courier,B. Becker,,,
1990,I. Lendl,S. Edberg,"(4-6, 7-6, 5-2)",A. Gomez,A. Agassi,"(6-3, 2-6, 6-4, 6-4)",P. Sampras,A. Agassi,"(6-4, 6-3, 6-2)",S. Edberg,B. Becker,"(6-2, 6-2, 3-6, 3-6, 6-4)",S. Graf,M. Fernandez,"(6-3, 6-4)",M. Seles,S. Graf,"(7-6, 6-4)",G. Sabatini,S. Graf,"(6-2, 7-6)",M. Navratilova,Z. Garrison-Jackson,"(6-4, 6-1)",S. Edberg,B. Becker,I. Lendl,,,
1989,I. Lendl,M. Mecir Sr.,"(6-2, 6-2, 6-2)",M. Chang,S. Edberg,"(6-1, 3-6, 4-6, 6-4, 6-2)",B. Becker,I. Lendl,"(7-6, 1-6, 6-3, 7-6)",B. Becker,S. Edberg,"(6-0, 7-6, 6-4)",S. Graf,H. Sukova,"(6-4, 6-4)",A. Sanchez-Vicario,S. Graf,"(7-6, 3-6, 7-5)",S. Graf,M. Navratilova,"(3-6, 7-5, 6-1)",,,,I. Lendl,B. Becker,S. Edberg,,,
1988,M. Wilander,P. Cash,"(6-3, 6-7, 3-6, 6-1, 8-6)",M. Wilander,H. Leconte,"(7-5, 6-2, 6-1)",M. Wilander,I. Lendl,"(6-4, 4-6, 6-3, 5-7, 6-4)",S. Edberg,B. Becker,"(4-6, 7-6, 6-4, 6-2)",S. Graf,C. Evert,"(6-1, 7-6)",S. Graf,N. Zvereva,"(6-0, 6-0)",S. Graf,G. Sabatini,"(6-3, 3-6, 6-1)",S. Graf,M. Navratilova,"(5-7, 6-2, 6-1)",,,,,,
1987,S. Edberg,P. Cash,"(6-3, 6-4, 3-6, 5-7, 6-3)",I. Lendl,M. Wilander,"(7-5, 6-2, 3-6, 7-6)",I. Lendl,M. Wilander,"(6-7, 6-0, 7-6, 6-4)",P. Cash,I. Lendl,"(7-6, 6-2, 7-5)",H. Mandlikova,M. Navratilova,"(7-5, 7-6)",S. Graf,M. Navratilova,"(6-4, 4-6, 8-6)",M. Navratilova,S. Graf,"(7-6, 6-1)",M. Navratilova,S. Graf,"(7-5, 6-3)",,,,,,
1985,S. Edberg,M. Wilander,"(6-4, 6-3, 6-3)",M. Wilander,I. Lendl,"(3-6, 6-4, 6-2, 6-2)",I. Lendl,J. Mcenroe,"(7-6, 6-3, 6-4)",B. Becker,K. Curren,"(6-3, 6-7, 7-6, 6-4)",M. Navratilova,C. Evert,"(6-2, 4-6, 6-2)",C. Evert,M. Navratilova,"(6-3, 6-7, 7-5)",H. Mandlikova,M. Navratilova,"(7-6, 1-6, 7-6)",M. Navratilova,C. Evert,"(4-6, 6-3, 6-2)",,,,,,
1984,M. Wilander,K. Curren,"(6-7, 6-4, 7-6, 6-2)",I. Lendl,J. Mcenroe,"(3-6, 2-6, 6-4, 7-5, 7-5)",J. Mcenroe,I. Lendl,"(6-3, 6-4, 6-1)",J. Mcenroe,J. Connors,"(6-1, 6-1, 6-2)",C. Evert,H. Sukova,"(6-7, 6-1, 6-3)",M. Navratilova,C. Evert,"(6-3, 6-1)",M. Navratilova,C. Evert,"(4-6, 6-4, 6-4)",M. Navratilova,C. Evert,"(7-6, 6-2)",,,,,,
1983,M. Wilander,I. Lendl,"(6-1, 6-4, 6-4)",Y. Noah,M. Wilander,"(6-2, 7-5, 7-6)",J. Connors,I. Lendl,"(6-3, 6-7, 7-5, 6-0)",J. Mcenroe,C. Lewis,"(6-2, 6-2, 6-2)",M. Navratilova,K. Jordan,"(6-2, 7-6)",C. Evert,M. Jausovec,"(6-1, 6-2)",M. Navratilova,C. Evert,"(6-1, 6-3)",M. Navratilova,A. Jaeger,"(6-0, 6-3)",,,,,,
1982,J. Kriek,S. Denton,"(6-3, 6-3, 6-2)",M. Wilander,G. Vilas,"(1-6, 7-6, 6-0, 6-4)",J. Connors,I. Lendl,"(6-3, 6-2, 4-6, 6-4)",J. Connors,J. Mcenroe,"(3-6, 6-3, 6-7, 7-6, 6-4)",C. Evert,M. Navratilova,"(6-3, 2-6, 6-3)",M. Navratilova,A. Jaeger,"(7-6, 6-1)",C. Evert,H. Mandlikova,"(6-3, 6-1)",M. Navratilova,C. Evert,"(6-1, 3-6, 6-2)",,,,,,
1981,J. Kriek,S. Denton,"(6-2, 7-6, 6-7, 6-4)",B. Borg,I. Lendl,"(6-1, 4-6, 6-2, 3-6, 6-1)",J. Mcenroe,B. Borg,"(4-6, 6-2, 6-4, 6-3)",J. Mcenroe,B. Borg,"(4-6, 7-6, 7-6, 6-4)",M. Navratilova,C. Evert,"(6-7, 6-4, 7-5)",H. Mandlikova,S. Hanika,"(6-2, 6-4)",T. Austin,M. Navratilova,"(1-6, 7-6, 7-6)",C. Evert,H. Mandlikova,"(6-2, 6-2)",,,,,,
1980,B. Teacher,K. Warwick,"(7-5, 7-6, 6-2)",B. Borg,V. Gerulaitis,"(6-4, 6-1, 6-2)",J. Mcenroe,B. Borg,"(7-6, 6-1, 6-7, 7-5, 6-4)",B. Borg,J. Mcenroe,"(1-6, 7-5, 6-3, 6-7, 8-6)",H. Mandlikova,W. Turnbull,"(6-0, 7-5)",C. Evert,V. Ruzici,"(6-0, 6-3)",C. Evert,H. Mandlikova,"(5-7, 6-1, 6-1)",E. Cawley-Goolagong,C. Evert,"(6-1, 7-6)",,,,,,
1979,G. Vilas,J. Sadri,"(7-6, 6-3, 6-2)",B. Borg,V. Pecci,"(6-3, 6-1, 6-7, 6-4)",J. Mcenroe,V. Gerulaitis,"(7-5, 6-3, 6-3)",B. Borg,R. Tanner,"(6-7, 6-1, 3-6, 6-3, 6-4)",B. Jordan,S. Walsh-Pete,"(6-3, 6-3)",C. Evert,W. Turnbull,"(6-2, 6-0)",T. Austin,C. Evert,"(6-4, 6-3)",M. Navratilova,C. Evert,"(6-4, 6-4)",,,,,,
1978,G. Vilas,J. Marks,"(6-4, 6-4, 3-6, 6-3)",B. Borg,G. Vilas,"(6-1, 6-1, 6-3)",J. Connors,B. Borg,"(6-4, 6-2, 6-2)",B. Borg,J. Connors,"(6-2, 6-2, 6-3)",C. O'Neil,B. Nagelsen,"(6-3, 7-6)",V. Ruzici,M. Jausovec,"(6-2, 6-2)",C. Evert,P. Shriver,"(7-5, 6-4)",M. Navratilova,C. Evert,"(2-6, 6-4, 7-5)",,,,,,
1977,J. Lloyd,V. Gerulaitis,"(3-6, 6-7, 7-5, 6-3, 2-6)",G. Vilas,B. Gottfried,"(6-0, 6-3, 6-0)",G. Vilas,J. Connors,"(2-6, 6-3, 7-6, 6-0)",B. Borg,J. Connors,"(3-6, 6-2, 6-1, 5-7, 6-4)",E. Goolagong,H. Gourlay,"(6-3, 6-0)",M. Jausovec,F. Mihai,"(6-2, 6-7, 6-1)",C. Evert,W. Turnbull,"(7-6, 6-2)",V. Wade,B. Stove,"(4-6, 6-3, 6-1)",,,,,,
1976,M. Edmondson,J. Newcombe,"(6-7, 6-3, 7-6, 6-1)",A. Panatta,H. Solomon,"(6-1, 6-4, 4-6, 7-6)",J. Connors,B. Borg,"(6-4, 3-6, 7-6, 6-4)",B. Borg,I. Nastase,"(6-4, 6-2, 9-7)",E. Goolagong,R. Tomanova,"(6-2, 6-2)",S. Barker,R. Tomanova,"(6-2, 0-6, 6-2)",C. Evert,E. Goolagong,"(6-3, 4-6, 8-6)",C. Evert,E. Goolagong,"(6-3, 4-6, 8-6)",,,,,,
1975,J. Newcombe,J. Connors,"(7-5, 3-6, 6-4, 7-6)",B. Borg,G. Vilas,"(6-2, 6-3, 6-4)",M. Orantes,J. Connors,"(6-4, 6-3, 6-3)",A. Ashe,J. Connors,"(6-1, 6-1, 5-7, 6-4)",E. Goolagong,M. Navratilova,"(6-3, 6-2)",C. Evert,M. Navratilova,"(2-6, 6-2, 6-1)",C. Evert,E. Goolagong,"(5-7, 6-4, 6-2)",B. King,E. Goolagong,"(6-0, 6-1)",,,,,,
1974,J. Connors,P. Dent,"(7-6, 6-4, 4-6, 6-3)",B. Borg,M. Orantes,"(2-6, 6-7, 6-0, 6-1, 6-1)",J. Connors,K. Rosewall,"(6-1, 6-0, 6-1)",J. Connors,K. Rosewall,"(6-1, 6-1, 6-4)",E. Goolagong,C. Evert,"(7-6, 4-6, 6-0)",C. Evert,O. Morozova,"(6-1, 6-2)",B. King,E. Goolagong,"(3-6, 6-3, 7-5)",C. Evert,O. Morozova,"(6-0, 6-4)",,,,,,
1973,J. Newcombe,O. Parun,"(6-3, 6-7, 7-5, 6-1)",I. Nastase,N. Pilic,"(6-3, 6-3, 6-0)",J. Newcombe,J. Kodes,"(6-4, 1-6, 4-6, 6-2, 6-3)",J. Kodes,A. Metreveli,"(6-1, 9-8, 6-3)",M. Court-Smith,E. Goolagong,"(6-4, 7-5)",M. Court-Smith,C. Evert,"(6-7, 7-6, 6-4)",M. Court-Smith,E. Goolagong,"(7-6, 5-7, 6-2)",B. King,C. Evert,"(6-0, 7-5)",,,,,,
1972,K. Rosewall,M. Anderson,"(7-6, 6-3, 7-5)",A. Gimeno,P. Proisy,"(4-6, 6-3, 6-1, 6-1)",I. Nastase,A. Ashe,"(3-6, 6-3, 6-7, 6-4, 6-3)",S. Smith,I. Nastase,"(4-6, 6-3, 6-3, 4-6, 7-5)",V. Wade,E. Goolagong,"(6-4, 6-4)",B. King,E. Goolagong,"(6-3, 6-3)",B. King,K. Melville-Reid,"(6-3, 7-5)",B. King,E. Goolagong,"(6-3, 6-3)",,,,,,
1971,K. Rosewall,A. Ashe,"(6-1, 7-5, 6-3)",J. Kodes,I. Nastase,"(8-6, 6-2, 2-6, 7-5)",S. Smith,J. Kodes,"(3-6, 6-3, 6-2, 7-6)",J. Newcombe,S. Smith,"(6-3, 5-7, 2-6, 6-4, 6-4)",M. Court-Smith,E. Goolagong,"(2-6, 7-6, 7-5)",E. Goolagong,H. Gourlay,"(6-3, 7-5)",B. King,R. Casals,"(6-4, 7-6)",,,,,,,,,
1970,A. Ashe,D. Crealy,"(6-4, 9-7, 6-2)",J. Kodes,Z. Franulovic,"(6-2, 6-4, 6-0)",K. Rosewall,T. Roche,"(2-6, 6-4, 7-6, 6-3)",J. Newcombe,K. Rosewall,"(5-7, 6-3, 6-2, 3-6, 6-1)",M. Court-Smith,K. Melville-Reid,"(6-3, 6-1)",M. Court-Smith,H. Masthoff,"(6-2, 6-4)",M. Court-Smith,R. Casals,"(6-2, 2-6, 6-1)",M. Court-Smith,B. King,"(14-12, 11-9)",,,,,,
1969,R. Laver,A. Gimeno,"(6-3, 6-4, 7-5)",R. Laver,K. Rosewall,"(6-4, 6-3, 6-4)",R. Laver,T. Roche,"(7-9, 6-1, 6-2, 6-2)",R. Laver,J. Newcombe,"(6-4, 5-7, 6-4, 6-4)",M. Court-Smith,B. King,"(6-4, 6-1)",M. Court-Smith,A. Haydon-Jones,"(6-1, 4-6, 6-3)",M. Court-Smith,N. Richey,"(6-2, 6-2)",A. Haydon-Jones,B. King,"(3-6, 6-3, 6-2)",,,,,,
1968,B. Bowrey,J. Gisbert Sr,"(7-5, 2-6, 9-7, 6-4)",K. Rosewall,R. Laver,"(6-3, 6-1, 2-6, 6-2)",A. Ashe,T. Okker,"(14-12, 5-7, 6-3, 3-6, 6-3)",R. Laver,T. Roche,"(6-3, 6-4, 6-2)",B. King,M. Court-Smith,"(6-1, 6-2)",N. Richey,A. Haydon-Jones,"(5-7, 6-4, 6-1)",V. Wade,B. King,"(6-4, 6-2)",B. King,J. Tegart,"(9-7, 7-5)",,,,,,
1967,R. Emerson,A. Ashe,"(6-4, 6-1, 6-4)",R. Emerson,T. Roche,"(6-1, 6-4, 2-6, 6-2)",J. Newcombe,C. Graebner,"(6-4, 6-4, 8-6)",J. Newcombe,W. Bungert,"(6-3, 6-1, 6-1)",N. Richey,L. Turner,"(6-1, 6-4)",F. Durr,L. Turner,"(4-6, 6-3, 6-4)",B. King,A. Haydon-Jones,"(11-9, 6-4)",B. King,A. Haydon-Jones,"(6-3, 6-4)",,,,,,
1966,R. Emerson,A. Ashe,"(6-4, 6-8, 6-2, 6-3)",T. Roche,I. Gulyas,"(6-1, 6-4, 7-5)",F. Stolle,J. Newcombe,"(6-4, 10-12, 3-6, 4-6)",M. Santana,D. Ralston,"(6-4, 11-9, 6-4)",M. Court-Smith,N. Richey,(),A. Haydon-Jones,N. Richey,"(6-3, 6-1)",M. Bueno,N. Richey,"(6-3, 6-1)",,,,,,,,,
1965,R. Emerson,F. Stolle,"(7-9, 2-6, 6-4, 7-5, 6-1)",F. Stolle,T. Roche,"(3-6, 6-0, 6-2, 6-3)",M. Santana,C. Drysdale,"(6-2, 7-9, 7-5, 6-1)",R. Emerson,F. Stolle,"(6-2, 6-4, 6-4)",M. Court-Smith,M. Bueno,"(5-7, 6-4, 5-2)",L. Turner,M. Court-Smith,"(6-3, 6-4)",M. Court-Smith,B. King,"(8-6, 7-5)",,,,,,,,,
1964,R. Emerson,F. Stolle,"(6-3, 6-4, 6-2)",M. Santana,N. Pietrangeli,"(6-3, 6-1, 4-6, 7-5)",R. Emerson,F. Stolle,"(6-4, 6-1, 6-4)",R. Emerson,F. Stolle,"(6-4, 12-10, 4-6, 6-3)",M. Court-Smith,L. Turner,"(6-3, 6-2)",M. Court-Smith,M. Bueno,"(5-7, 6-1, 6-2)",M. Bueno,C. Caldwell-Graebner,"(1-6, 0-6)",,,,,,,,,
1963,R. Emerson,K. Fletcher,"(6-3, 6-3, 6-1)",R. Emerson,P. Darmon,"(3-6, 6-1, 6-4, 6-4)",R. Osuna,F. Froehling,"(7-5, 6-4, 6-2)",C. Mckinley,F. Stolle,"(9-7, 6-1, 6-4)",M. Court-Smith,J. Lehane-O'Neill,"(6-2, 6-2)",L. Turner,A. Haydon-Jones,"(2-6, 6-3, 7-5)",M. Bueno,M. Court-Smith,"(5-7, 4-6)",,,,,,,,,
1962,R. Laver,R. Emerson,"(8-6, 0-6, 6-4, 6-4)",R. Laver,R. Emerson,"(3-6, 2-6, 6-3, 9-7, 6-2)",R. Laver,R. Emerson,"(6-2, 6-4, 5-7, 6-4)",R. Laver,M. Mulligan,"(6-2, 6-2, 6-1)",M. Court-Smith,J. Lehane-O'Neill,"(6-0, 6-2)",M. Court-Smith,L. Turner,"(6-2, 3-6, 7-5)",M. Court-Smith,D. Hard,"(9-7, 6-4)",,,,,,,,,
1961,R. Emerson,R. Laver,"(1-6, 6-3, 7-5, 6-4)",M. Santana,N. Pietrangeli,"(4-6, 6-1, 3-6, 6-0, 6-2)",R. Emerson,R. Laver,"(5-7, 3-6, 2-6)",R. Laver,C. Mckinley,"(6-3, 6-1, 6-4)",M. Court-Smith,J. Lehane-O'Neill,"(6-1, 6-4)",A. Haydon-Jones,Y. Ramirez,"(6-2, 6-1)",D. Hard,A. Haydon-Jones,"(6-3, 6-4)",,,,,,,,,
1960,R. Laver,N. Fraser,"(5-7, 3-6, 6-3, 8-6, 8-6)",N. Pietrangeli,L. Ayala,"(3-6, 6-3, 6-4, 4-6, 6-3)",N. Fraser,R. Laver,"(6-4, 6-4, 10-8)",N. Fraser,R. Laver,"(6-4, 3-6, 9-7, 7-5)",M. Court-Smith,J. Lehane-O'Neill,"(7-5, 6-2)",D. Hard,Y. Ramirez,"(6-3, 6-4)",D. Hard,M. Bueno,"(4-6, 12-10, 4-6)",,,,,,,,,
1959,A. Olmedo,N. Fraser,"(6-1, 6-2, 3-6, 6-3)",N. Pietrangeli,I. Vermaak,"(3-6, 6-3, 6-4, 6-1)",N. Fraser,A. Olmedo,"(3-6, 7-5, 2-6, 4-6)",A. Olmedo,R. Laver,"(6-4, 6-3, 6-4)",M. Carter-Reitano,R. Schuurman,"(6-2, 6-3)",C. Truman,Z. Kormoczy,"(6-4, 7-5)",M. Bueno,C. Truman,"(1-6, 4-6)",,,,,,,,,
1958,A. Cooper,M. Anderson,"(7-5, 6-3, 6-4)",M. Rose,L. Ayala,"(6-3, 6-4, 6-4)",A. Cooper,J. Anderson,"(2-6, 6-3, 6-4, 8-10, 6-8)",A. Cooper,N. Fraser,"(3-6, 6-3, 6-4, 13-11)",A. Mortimer,L. Coghlan,"(6-3, 6-4)",Z. Kormoczy,S. Bloomer-Brasher,"(6-4, 1-6, 6-2)",A. Gibson,D. Hard,"(3-6, 6-1, 6-2)",,,,,,,,,
1957,A. Cooper,N. Fraser,"(6-3, 9-11, 6-4, 6-2)",S. Davidson,H. Flam,"(6-3, 6-4, 6-4)",M. Anderson,A. Cooper,"(8-10, 5-7, 4-6)",L. Hoad,A. Cooper,"(6-2, 6-1, 6-2)",S. Fry,A. Gibson,"(6-3, 6-4)",S. Bloomer-Brasher,D. Head-Knode,"(6-1, 6-3)",A. Gibson,L. Brough,"(6-3, 6-2)",,,,,,,,,
1956,L. Hoad,K. Rosewall,"(6-4, 3-6, 6-4, 7-5)",L. Hoad,S. Davidson,"(6-4, 8-6, 6-3)",K. Rosewall,L. Hoad,"(6-4, 2-6, 3-6, 3-6)",L. Hoad,K. Rosewall,"(6-2, 4-6, 7-5, 6-4)",M. Carter-Reitano,T. Coyne-Long,"(3-6, 6-2, 9-7)",A. Gibson,A. Mortimer,"(6-0, 12-10)",S. Fry,A. Gibson,"(6-3, 6-4)",,,,,,,,,
1955,K. Rosewall,L. Hoad,"(9-7, 6-4, 6-4)",T. Trabert,S. Davidson,"(2-6, 6-1, 6-4, 6-2)",T. Trabert,K. Rosewall,"(9-7, 6-3, 6-3)",T. Trabert,K. Nielsen,"(6-3, 7-5, 6-1)",B. Penrose,T. Coyne-Long,"(6-4, 6-3)",A. Mortimer,D. Head-Knode,"(2-6, 7-5, 10-8)",D. Hart,P. Ward,"(6-4, 6-2)",,,,,,,,,
1954,M. Rose,R. Hartwig,"(6-2, 0-6, 6-4, 6-2)",T. Trabert,A. Larsen,"(6-4, 7-5, 6-1)",V. Seixas,R. Hartwig,"(6-3, 2-6, 4-6, 4-6)",J. Drobny,K. Rosewall,"(13-11, 4-6, 6-2, 9-7)",T. Coyne-Long,J. Staley,"(6-3, 6-4)",M. Connolly,G. Bucaille,"(6-4, 6-1)",D. Hart,L. Brough,"(6-8, 6-1, 8-6)",,,,,,,,,
1953,K. Rosewall,M. Rose,"(6-0, 6-3, 6-4)",K. Rosewall,V. Seixas,"(6-3, 6-4, 1-6, 6-2)",T. Trabert,V. Seixas,"(3-6, 2-6, 3-6)",V. Seixas,K. Nielsen,"(9-7, 6-3, 6-4)",M. Connolly,J. Sampson,"(6-3, 6-2)",M. Connolly,D. Hart,"(6-2, 6-4)",M. Connolly,D. Hart,"(6-2, 6-4)",,,,,,,,,
1952,K. Mcgregor,F. Sedgman,"(7-5, 12-10, 2-6, 6-2)",J. Drobny,F. Sedgman,"(6-2, 6-0, 3-6, 6-4)",F. Sedgman,G. Mulloy,"(6-1, 6-2, 6-3)",F. Sedgman,J. Drobny,"(4-6, 6-2, 6-3, 6-2)",T. Coyne-Long,H. Angwin,"(6-2, 6-3)",D. Hart,S. Fry,"(6-4, 6-4)",M. Connolly,D. Hart,"(6-3, 7-5)",,,,,,,,,
1951,R. Savitt,K. Mcgregor,"(6-3, 2-6, 6-3, 6-1)",J. Drobny,E. Sturgess,"(6-3, 6-3, 6-3)",F. Sedgman,V. Seixas,"(6-4, 6-1, 6-1)",R. Savitt,K. Mcgregor,"(6-4, 6-4, 6-4)",N. Wynne Bolton,T. Coyne-Long,"(6-1, 7-5)",S. Fry,D. Hart,"(6-3, 3-6, 6-3)",M. Connolly,S. Fry,"(6-3, 1-6, 6-4)",D. Hart,S. Fry,"(6-1, 6-0)",,,,,,
1950,F. Sedgman,K. Mcgregor,"(6-3, 6-4, 4-6, 6-1)",B. Patty,J. Drobny,"(6-1, 6-2, 3-6, 5-7, 7-5)",A. Larsen,H. Flam,"(6-3, 4-6, 5-7, 6-4, 6-3)",B. Patty,F. Sedgman,"(6-1, 8-10, 6-2, 6-3)",L. Brough,D. Hart,"(6-4, 3-6, 6-4)",D. Hart,P. Canning Todd,"(6-4, 4-6, 6-2)",M. Osborne Dupont,D. Hart,"(6-3, 6-3)",L. Brough,M. Osborne Dupont,"(6-1, 3-6, 6-1)",,,,,,
1949,F. Sedgman,J. Bromwich,"(6-3, 6-2, 6-2)",F. Parker,B. Patty,"(6-3, 1-6, 6-1, 6-4)",P. Gonzales,T. Schroeder,"(16-18, 2-6, 6-1, 6-2, 6-4)",T. Schroeder,J. Drobny,"(3-6, 6-0, 6-3, 4-6, 6-4)",D. Hart,N. Wynne Bolton,"(6-3, 6-4)",M. Osborne Dupont,N. Adamson-Landry,"(7-5, 6-2)",M. Osborne Dupont,D. Hart,"(6-4, 6-1)",L. Brough,M. Osborne Dupont,"(10-8, 1-6, 10-8)",,,,,,
1948,A. Quist,J. Bromwich,"(6-4, 3-6, 6-3, 2-6, 6-3)",F. Parker,J. Drobny,"(6-4, 7-5, 5-7, 8-6)",P. Gonzales,E. Sturgess,"(6-2, 6-3, 14-12)",R. Falkenburg,J. Bromwich,"(7-5, 0-6, 6-2, 3-6, 7-5)",N. Wynne Bolton,M. Toomey,"(6-3, 6-1)",N. Adamson-Landry,S. Fry,"(6-2, 0-6, 6-0)",M. Osborne Dupont,L. Brough,"(4-6, 6-4, 15-13)",L. Brough,D. Hart,"(6-3, 8-6)",,,,,,
1947,D. Pails,J. Bromwich,"(4-6, 6-4, 3-6, 7-5, 8-6)",J. Asboth,E. Sturgess,"(8-6, 7-5, 6-4)",J. Kramer,F. Parker,"(4-6, 2-6, 6-1, 6-0, 6-3)",J. Kramer,T. Brown,"(6-1, 6-3, 6-2)",N. Wynne Bolton,N. Hopman,"(6-3, 6-2)",P. Canning Todd,D. Hart,"(6-3, 3-6, 6-4)",L. Brough,M. Osborne Dupont,"(8-6, 4-6, 6-1)",M. Osborne Dupont,D. Hart,"(6-2, 6-4)",,,,,,
1946,J. Bromwich,D. Pails,"(5-7, 6-3, 7-5, 3-6, 6-2)",M. Bernard,J. Drobny,"(3-6, 2-6, 6-1, 6-4, 6-3)",J. Kramer,T. Brown,"(9-7, 6-3, 6-0)",Y. Petra,G. Brown,"(6-2, 6-4, 7-9, 5-7, 6-4)",N. Wynne Bolton,J. Fitch,"(6-4, 6-4)",M. Osborne Dupont,P. Betz,(),P. Betz,D. Hart,"(11-9, 6-3)",P. Betz,L. Brough,"(6-2, 6-4)",,,,,,
1940,A. Quist,J. Crawford,"(6-3, 6-1, 6-2)",,,,W. Mcneill,B. Riggs,"(4-6, 6-8, 6-3, 6-3, 7-5)",,,,N. Wynne Bolton,T. Coyne-Long,"(5-7, 6-4, 6-0)",,,,A. Marble,H. Jacobs,"(6-2, 6-3)",,,,,,,,,
1939,J. Bromwich,A. Quist,"(6-4, 6-1, 6-2)",W. Mcneill,B. Riggs,"(7-5, 6-0, 6-3)",B. Riggs,W. Van Horn,"(6-4, 6-2, 6-4)",B. Riggs,E. Cooke,"(2-6, 8-6, 3-6, 6-3, 6-2)",E. Westacott,N. Hopman,"(6-1, 6-2)",S. Mathieu,J. Jedrzejowska,"(6-3, 8-6)",A. Marble,H. Jacobs,"(6-0, 8-10, 6-4)",A. Marble,K. Stammers,"(6-2, 6-0)",,,,,,
1938,D. Budge,J. Bromwich,"(6-4, 6-2, 6-1)",D. Budge,R. Menzel,"(6-3, 6-2, 6-4)",D. Budge,G. Mako,"(6-3, 6-8, 6-2, 6-1)",D. Budge,B. Austin,"(6-1, 6-0, 6-3)",D. Bundy,D. Stevenson,"(6-3, 6-2)",S. Mathieu,N. Adamson-Landry,"(6-0, 6-3)",A. Marble,N. Wynne Bolton,"(6-0, 6-3)",H. Wills-Moody,H. Jacobs,"(6-4, 6-0)",,,,,,
1937,V. Mcgrath,J. Bromwich,"(6-3, 1-6, 6-0, 2-6, 6-1)",H. Henkel,B. Austin,"(6-1, 6-4, 6-3)",D. Budge,G. Von Cramm,"(6-1, 7-9, 6-1, 3-6, 6-1)",D. Budge,G. Von Cramm,"(6-3, 6-4, 6-2)",N. Wynne Bolton,E. Westacott,"(6-3, 5-7, 6-4)",H. Sperling,S. Mathieu,"(6-2, 6-4)",A. Lizana,J. Jedrzejowska,"(6-4, 6-2)",D. Round,J. Jedrzejowska,"(2-6, 6-2, 7-5)",,,,,,
1936,A. Quist,J. Crawford,"(6-2, 6-3, 4-6, 3-6, 9-7)",G. Von Cramm,F. Perry,"(6-0, 2-6, 6-2, 2-6, 6-0)",F. Perry,D. Budge,"(2-6, 6-2, 8-6, 1-6, 10-8)",F. Perry,G. Von Cramm,"(6-1, 6-1, 6-0)",J. Hartigan,N. Wynne Bolton,"(6-4, 6-4)",H. Sperling,S. Mathieu,"(6-3, 6-4)",A. Marble,H. Jacobs,"(4-6, 6-3, 6-2)",H. Jacobs,H. Sperling,"(6-2, 4-6, 7-5)",,,,,,
1935,J. Crawford,F. Perry,"(2-6, 6-4, 6-4, 6-4)",F. Perry,G. Von Cramm,"(6-3, 3-6, 6-1, 6-3)",W. Allison,S. Wood,"(6-2, 6-2, 6-3)",F. Perry,G. Von Cramm,"(6-2, 6-4, 6-4)",D. Round,N. Lyle Glover,"(1-6, 6-1, 6-3)",H. Sperling,S. Mathieu,"(6-2, 6-1)",H. Jacobs,S. Palfrey-Cooke,"(6-2, 6-4)",H. Wills-Moody,H. Jacobs,"(6-3, 3-6, 7-5)",,,,,,
1934,F. Perry,J. Crawford,"(6-3, 7-5, 6-1)",G. Von Cramm,J. Crawford,"(6-4, 7-9, 3-6, 7-5, 6-3)",F. Perry,W. Allison,"(6-4, 6-3, 3-6, 1-6, 8-6)",F. Perry,J. Crawford,"(6-3, 6-0, 7-5)",J. Hartigan,M. Molesworth,"(6-1, 6-4)",M. Scriven,H. Jacobs,"(7-5, 4-6, 6-1)",H. Jacobs,S. Palfrey-Cooke,"(6-1, 6-4)",D. Round,H. Jacobs,"(6-2, 5-7, 6-3)",,,,,,
1933,J. Crawford,K. Gledhill,"(2-6, 7-5, 6-3, 6-2)",J. Crawford,H. Cochet,"(8-6, 6-1, 6-3)",F. Perry,J. Crawford,"(6-3, 11-13, 4-6, 6-0, 6-1)",J. Crawford,H. Vines,"(4-6, 11-9, 6-2, 2-6, 6-4)",J. Hartigan,C. Buttsworth,"(6-4, 6-3)",M. Scriven,S. Mathieu,"(6-2, 4-6, 6-4)",H. Jacobs,H. Wills-Moody,"(8-6, 3-6, 3-0)",H. Wills-Moody,D. Round,"(6-4, 6-8, 6-3)",,,,,,
1932,J. Crawford,H. Hopman,"(4-6, 6-3, 3-6, 6-3, 6-1)",H. Cochet,G. De Stefani,"(6-0, 6-4, 4-6, 6-3)",H. Vines,H. Cochet,"(6-4, 6-4, 6-4)",H. Vines,B. Austin,"(6-4, 6-2, 6-0)",C. Buttsworth,K. Le Messurier,"(9-7, 6-4)",H. Wills-Moody,S. Mathieu,"(7-5, 6-1)",H. Jacobs,C. Babcock,"(6-2, 6-2)",H. Wills-Moody,H. Jacobs,"(6-3, 6-1)",,,,,,
1931,J. Crawford,H. Hopman,"(6-4, 6-2, 2-6, 6-1)",J. Borotra,C. Boussus,"(2-6, 6-4, 7-5, 6-4)",H. Vines,G. Lott,"(7-9, 6-3, 9-7, 7-5)",S. Wood,F. Shields,(),C. Buttsworth,M. Cox Crawford,"(1-6, 6-3, 6-4)",C. Aussem,B. Nuthall,"(8-6, 6-1)",H. Wills-Moody,E. Bennett Whitingstall,"(6-4, 6-1)",C. Aussem,H. Sperling,"(6-2, 7-5)",,,,,,
1930,E. Moon,H. Hopman,"(6-3, 6-1, 6-3)",H. Cochet,B. Tilden,"(3-6, 8-6, 6-3, 6-1)",J. Doeg,F. Shields,"(10-8, 1-6, 6-4, 16-14)",B. Tilden,W. Allison,"(6-3, 9-7, 6-4)",D. Akhurst,S. Harper,"(10-8, 2-6, 7-5)",H. Wills-Moody,H. Jacobs,"(6-2, 6-1)",B. Nuthall,A. Mccune Harper,"(6-1, 6-4)",H. Wills-Moody,E. Ryan,"(6-2, 6-2)",,,,,,
1929,C. Gregory,R. Schlesinger,"(6-2, 6-2, 5-7, 6-4)",R. Lacoste,J. Borotra,"(6-3, 2-6, 6-0, 2-6, 8-6)",B. Tilden,F. Hunter,"(3-6, 6-3, 4-6, 6-2, 6-4)",H. Cochet,J. Borotra,"(6-4, 6-3, 6-4)",D. Akhurst,L. Bickerton,"(6-1, 5-7, 6-2)",H. Wills-Moody,S. Mathieu,"(6-3, 6-4)",H. Wills-Moody,P. Holcroft Watson,"(6-4, 6-2)",H. Wills-Moody,H. Jacobs,"(6-1, 6-2)",,,,,,
1928,J. Borotra,J. Cummings,"(6-4, 6-1, 4-6, 5-7, 6-3)",H. Cochet,R. Lacoste,"(5-7, 6-3, 6-1, 6-3)",H. Cochet,F. Hunter,"(4-6, 6-4, 3-6, 7-5, 6-3)",R. Lacoste,H. Cochet,"(6-1, 4-6, 6-4, 6-2)",D. Akhurst,E. Boyd,"(7-5, 6-2)",H. Wills-Moody,E. Bennett Whitingstall,"(6-1, 6-2)",H. Wills-Moody,H. Jacobs,"(6-2, 6-1)",H. Wills-Moody,L. Alvarez,"(6-2, 6-3)",,,,,,
1927,G. Patterson,J. Hawkes,"(3-6, 6-4, 3-6, 18-16, 6-3)",R. Lacoste,B. Tilden,"(6-4, 4-6, 5-7, 6-3, 11-9)",R. Lacoste,B. Tilden,"(11-9, 6-3, 11-9)",H. Cochet,J. Borotra,"(4-6, 4-6, 6-3, 6-4, 7-5)",E. Boyd,S. Harper,"(5-7, 6-1, 6-2)",K. Bouman,I. Peacock,"(6-2, 6-4)",H. Wills-Moody,B. Nuthall,"(6-1, 6-4)",H. Wills-Moody,L. Alvarez,"(6-2, 6-4)",,,,,,
1926,J. Hawkes,J. Willard,"(6-1, 6-3, 6-1)",H. Cochet,R. Lacoste,"(6-2, 6-4, 6-3)",R. Lacoste,J. Borotra,"(6-4, 6-0, 6-4)",J. Borotra,H. Kinsey,"(8-6, 6-1, 6-3)",D. Akhurst,E. Boyd,"(6-1, 6-3)",S. Lenglen,M. Browne,"(6-1, 6-0)",M. Bjurstedt Mallory,E. Ryan,"(4-6, 6-4, 9-7)",K. Mckane Godfree,L. Alvarez,"(6-2, 4-6, 6-3)",,,,,,
1925,J. Anderson,G. Patterson,"(11-9, 2-6, 6-2, 6-3)",R. Lacoste,J. Borotra,"(7-5, 6-1, 6-4)",B. Tilden,B. Johnston,"(4-6, 11-9, 6-3, 4-6, 6-3)",R. Lacoste,J. Borotra,"(6-3, 6-3, 4-6, 8-6)",D. Akhurst,E. Boyd,"(1-6, 8-6, 6-4)",S. Lenglen,K. Mckane Godfree,"(6-1, 6-2)",H. Wills-Moody,K. Mckane Godfree,"(3-6, 6-0, 6-2)",S. Lenglen,J. Fry,"(6-2, 6-0)",,,,,,
1924,J. Anderson,R. Schlesinger,"(6-3, 6-4, 3-6, 5-7, 6-3)",,,,B. Tilden,B. Johnston,"(6-1, 9-7, 6-2)",J. Borotra,R. Lacoste,"(6-1, 3-6, 6-1, 3-6, 6-4)",S. Harper,E. Boyd,"(6-3, 3-6, 6-4)",,,,H. Wills-Moody,M. Bjurstedt Mallory,"(6-1, 6-3)",K. Mckane Godfree,H. Wills-Moody,"(4-6, 6-4, 6-4)",,,,,,
1923,P. O'Hara Wood,C. St John,"(6-1, 6-1, 6-3)",,,,B. Tilden,B. Johnston,"(6-4, 6-1, 6-4)",B. Johnston,F. Hunter,"(6-0, 6-3, 6-1)",M. Molesworth,E. Boyd,"(6-1, 7-5)",,,,H. Wills-Moody,M. Bjurstedt Mallory,"(6-2, 6-1)",S. Lenglen,K. Mckane Godfree,"(6-2, 6-2)",,,,,,
1922,J. Anderson,G. Patterson,"(6-0, 3-6, 3-6, 6-3, 6-2)",,,,B. Tilden,B. Johnston,"(4-6, 3-6, 6-2, 6-3, 6-4)",G. Patterson,R. Lycett,"(6-3, 6-4, 6-2)",M. Molesworth,E. Boyd,"(6-3, 10-8)",,,,M. Bjurstedt Mallory,H. Wills-Moody,"(6-3, 6-1)",S. Lenglen,M. Bjurstedt Mallory,"(6-2, 6-0)",,,,,,
1921,R. Gemmell,A. Hedemann,"(7-5, 6-1, 6-4)",,,,B. Tilden,W. Johnson,"(6-1, 6-3, 6-1)",B. Tilden,B. Norton,"(4-6, 2-6, 6-1, 6-0, 7-5)",,,,,,,M. Bjurstedt Mallory,M. Browne,"(4-6, 6-4, 6-2)",S. Lenglen,E. Ryan,"(6-2, 6-0)",,,,,,
1920,P. O'Hara Wood,R. Thomas,"(6-3, 4-6, 6-8, 6-1, 6-3)",,,,B. Tilden,B. Johnston,"(6-1, 1-6, 7-5, 5-7, 6-3)",B. Tilden,G. Patterson,"(2-6, 6-3, 6-2, 6-4)",,,,,,,M. Bjurstedt Mallory,M. Zinderstein Jessup,"(6-3, 6-1)",S. Lenglen,D. Lambert-Chambers,"(6-3, 6-0)",,,,,,
1919,A. Kingscote,E. Pockley,"(6-4, 6-0, 6-3)",,,,B. Johnston,B. Tilden,"(6-4, 6-4, 6-3)",G. Patterson,N. Brookes,"(6-3, 7-5, 6-2)",,,,,,,H. Hotchkiss-Wightman,M. Zinderstein Jessup,"(6-1, 6-2)",S. Lenglen,D. Lambert-Chambers,"(10-8, 4-6, 9-7)",,,,,,
1915,G. Lowe,H. Rice,"(4-6, 6-1, 6-1, 6-4)",,,,B. Johnston,M. Mcloughlin,"(1-6, 6-0, 7-5, 10-8)",,,,,,,,,,M. Bjurstedt Mallory,H. Hotchkiss-Wightman,"(4-6, 6-2, 6-0)",,,,,,,,,
1914,A. O'Hara Wood,G. Patterson,"(6-4, 6-3, 5-7, 6-1)",,,,R. Williams,M. Mcloughlin,"(6-3, 8-6, 10-8)",N. Brookes,T. Wilding,"(6-4, 6-4, 7-5)",,,,,,,M. Browne,M. Wagner,"(6-2, 1-6, 6-1)",E. Larcombe,D. Lambert-Chambers,"(6-3, 6-2)",,,,,,
1913,E. Parker,H. Parker,"(2-6, 6-1, 6-3, 6-2)",,,,M. Mcloughlin,R. Williams,"(6-4, 5-7, 6-3, 6-1)",T. Wilding,M. Mcloughlin,"(8-6, 6-3, 10-8)",,,,,,,M. Browne,D. Green,"(6-2, 7-5)",D. Lambert-Chambers,W. Mcnair,"(6-0, 6-4)",,,,,,
1912,J. Parke,A. Beamish,"(3-6, 6-3, 1-6, 6-1, 7-5)",,,,M. Mcloughlin,W. Johnson,"(3-6, 2-6, 6-2, 6-4, 6-2)",T. Wilding,A. Gore,"(6-4, 6-4, 4-6, 6-4)",,,,,,,M. Browne,E. Sears,"(6-4, 6-2)",E. Larcombe,C. Sterry,"(6-3, 6-1)",,,,,,
1911,N. Brookes,H. Rice,"(6-1, 6-2, 6-3)",,,,W. Larned,M. Mcloughlin,"(6-4, 6-4, 6-2)",T. Wilding,H. Roper-Barrett,"(6-4, 4-6, 2-6, 6-2)",,,,,,,H. Hotchkiss-Wightman,F. Sutton,"(8-10, 6-1, 9-7)",D. Lambert-Chambers,P. Boothby,"(6-0, 6-0)",,,,,,
1910,R. Heath,H. Rice,"(6-4, 6-3, 6-2)",,,,W. Larned,T. Bundy,"(6-1, 5-7, 6-0, 6-8, 6-1)",T. Wilding,A. Gore,"(6-4, 7-5, 4-6, 6-2)",,,,,,,H. Hotchkiss-Wightman,L. Hammond,"(6-4, 6-2)",D. Lambert-Chambers,P. Boothby,"(6-2, 6-2)",,,,,,
1909,T. Wilding,E. Parker,"(6-1, 7-5, 6-2)",,,,W. Larned,W. Clothier,"(6-1, 6-2, 5-7, 1-6, 6-1)",A. Gore,J. Ritchie,"(6-8, 1-6, 6-2, 6-2, 6-2)",,,,,,,H. Hotchkiss-Wightman,M. Barger-Wallach,"(6-0, 6-1)",P. Boothby,A. Morton,"(6-4, 4-6, 8-6)",,,,,,
1908,F. Alexander,A. Dunlop,"(3-6, 3-6, 6-0, 6-2, 6-3)",,,,W. Larned,B. Wright,"(6-1, 6-2, 8-6)",A. Gore,H. Barrett,"(6-3, 6-2, 4-6, 3-6, 6-4)",,,,,,,M. Barger-Wallach,E. Sears,"(6-3, 1-6, 6-3)",C. Sterry,A. Morton,"(6-4, 6-4)",,,,,,
1907,H. Rice,H. Parker,"(6-3, 6-4, 6-4)",,,,W. Larned,R. Leroy,"(6-2, 6-2, 6-4)",N. Brookes,A. Gore,"(6-4, 6-2, 6-2)",,,,,,,E. Sears,C. Neely,"(6-3, 6-2)",M. Sutton,C. Wilson,"(6-4, 6-2)",,,,,,
1906,T. Wilding,F. Fisher,"(6-0, 6-4, 6-4)",,,,W. Clothier,B. Wright,"(6-3, 6-0, 6-4)",H. Doherty,F. Riseley,"(6-4, 4-6, 6-2, 6-3)",,,,,,,H. Homans,M. Barger-Wallach,"(6-4, 6-3)",D. Douglass Lambert Chambers,M. Sutton,"(6-3, 9-7)",,,,,,
1905,R. Heath,A. Curtis,"(4-6, 6-3, 6-4, 6-4)",,,,B. Wright,H. Ward,"(6-2, 6-1, 11-9)",H. Doherty,N. Brookes,"(8-6, 6-2, 6-4)",,,,,,,E. Moore,H. Homans,"(6-4, 5-7, 6-1)",M. Sutton,D. Douglass Lambert Chambers,"(6-3, 6-4)",,,,,,
1986,,,,I. Lendl,M. Pernfors,"(6-3, 6-2, 6-4)",I. Lendl,M. Mecir Sr.,"(6-4, 6-2, 6-0)",B. Becker,I. Lendl,"(6-4, 6-3, 7-5)",,,,C. Evert,M. Navratilova,"(2-6, 6-3, 6-3)",M. Navratilova,H. Sukova,"(6-3, 6-2)",M. Navratilova,H. Mandlikova,"(7-6, 6-3)",I. Lendl,M. Wilander,B. Becker,,,
1945,,,,,,,F. Parker,B. Talbert,"(14-12, 6-1, 6-2)",,,,,,,,,,S. Palfrey-Cooke,P. Betz,"(3-6, 8-6, 6-4)",,,,,,,,,
1944,,,,,,,F. Parker,B. Talbert,"(6-4, 3-6, 6-3, 6-3)",,,,,,,,,,P. Betz,M. Osborne Dupont,"(6-3, 8-6)",,,,,,,,,
1943,,,,,,,J. Hunt,J. Kramer,"(6-3, 6-8, 10-8, 6-0)",,,,,,,,,,P. Betz,L. Brough,"(6-3, 5-7, 6-3)",,,,,,,,,
1942,,,,,,,T. Schroeder,F. Parker,"(8-6, 7-5, 3-6, 4-6, 6-2)",,,,,,,,,,P. Betz,L. Brough,"(4-6, 6-4, 6-1)",,,,,,,,,
1941,,,,,,,B. Riggs,F. Kovacs,"(5-7, 6-1, 6-3, 6-3)",,,,,,,,,,S. Palfrey-Cooke,P. Betz,"(7-5, 6-2)",,,,,,,,,
1918,,,,,,,R. Murray,B. Tilden,"(6-3, 6-1, 7-5)",,,,,,,,,,M. Bjurstedt Mallory,E. Goss,"(6-4, 6-3)",,,,,,,,,
1917,,,,,,,R. Murray,N. Niles,"(5-7, 8-6, 6-3, 6-3)",,,,,,,,,,M. Bjurstedt Mallory,M. Vanderhoef,"(4-6, 6-0, 6-2)",,,,,,,,,
1916,,,,,,,R. Williams,B. Johnston,"(4-6, 6-4, 0-6, 6-2, 6-4)",,,,,,,,,,M. Bjurstedt Mallory,L. Hammond,"(6-0, 6-1)",,,,,,,,,
1904,,,,,,,H. Ward,W. Clothier,"(10-8, 6-4, 9-7)",H. Doherty,F. Riseley,"(6-1, 7-5, 8-6)",,,,,,,M. Sutton,E. Moore,"(6-1, 6-2)",D. Douglass Lambert Chambers,C. Sterry,"(6-0, 6-3)",,,,,,
1903,,,,,,,H. Doherty,W. Larned,"(6-0, 6-3, 10-8)",H. Doherty,F. Riseley,"(7-5, 6-3, 6-0)",,,,,,,E. Moore,M. Jones,"(7-5, 8-6)",D. Douglass Lambert Chambers,E. Larcombe,"(4-6, 6-4, 6-2)",,,,,,
1902,,,,,,,W. Larned,R. Doherty,"(6-4, 2-6, 6-4, 8-6)",H. Doherty,A. Gore,"(6-4, 6-3, 3-6, 6-0)",,,,,,,M. Jones,E. Moore,"(6-1, 1-0)",M. Robb,C. Sterry,"(7-5, 6-1)",,,,,,
1901,,,,,,,W. Larned,B. Wright,"(6-2, 6-8, 6-4, 6-4)",A. Gore,R. Doherty,"(4-6, 7-5, 6-4, 6-4)",,,,,,,E. Moore,M. Mcateer,"(6-4, 3-6, 7-5, 2-6, 6-2)",C. Sterry,B. Bingley-Hillyard,"(6-2, 6-2)",,,,,,
1900,,,,,,,M. Whitman,W. Larned,"(6-4, 1-6, 6-2, 6-2)",R. Doherty,S. Smith,"(6-8, 6-3, 6-1, 6-2)",,,,,,,M. Mcateer,E. Parker,"(6-2, 6-2, 6-0)",B. Bingley-Hillyard,C. Cooper-Sterry,"(6-2, 6-2)",,,,,,
1899,,,,,,,M. Whitman,J. Paret,"(6-1, 6-2, 3-6, 7-5)",R. Doherty,A. Gore,"(1-6, 4-6, 6-3, 6-3, 6-3)",,,,,,,M. Jones,M. Banks,"(6-1, 6-1, 7-5)",B. Bingley-Hillyard,C. Cooper-Sterry,"(6-2, 6-3)",,,,,,
1898,,,,,,,M. Whitman,D. Davis,"(3-6, 6-2, 6-2, 6-1)",R. Doherty,H. Doherty,"(6-3, 6-3, 2-6, 5-7, 6-1)",,,,,,,J. Atkinson,M. Jones,"(6-3, 5-7, 6-4, 2-6, 7-5)",C. Cooper-Sterry,M. Martin,"(6-4, 6-4)",,,,,,
1897,,,,,,,R. Wrenn,W. Eaves,"(4-6, 8-6, 6-3, 2-6, 6-2)",R. Doherty,H. Mahony,"(6-4, 6-4, 6-3)",,,,,,,J. Atkinson,E. Moore,"(6-3, 6-3, 4-6, 3-6, 6-3)",B. Bingley-Hillyard,C. Cooper-Sterry,"(5-7, 7-5, 6-2)",,,,,,
1896,,,,,,,R. Wrenn,F. Hovey,"(7-5, 3-6, 6-0, 1-6, 6-1)",H. Mahony,W. Baddeley,"(6-2, 6-8, 5-7, 8-6, 6-3)",,,,,,,E. Moore,J. Atkinson,"(6-4, 4-6, 6-2, 6-2)",C. Cooper-Sterry,A. Pickering,"(6-2, 6-3)",,,,,,
1895,,,,,,,F. Hovey,R. Wrenn,"(6-3, 6-2, 6-4)",W. Baddeley,W. Eaves,"(4-6, 2-6, 8-6, 6-2, 6-3)",,,,,,,J. Atkinson,H. Hellwig,"(6-4, 6-2, 6-1)",C. Cooper-Sterry,H. Jackson,"(7-5, 8-6)",,,,,,
1894,,,,,,,R. Wrenn,M. Goodbody,"(6-8, 6-1, 6-4, 6-4)",J. Pim,W. Baddeley,"(10-8, 6-2, 8-6)",,,,,,,H. Hellwig,A. Terry,"(7-5, 3-6, 6-0, 3-6, 6-3)",B. Bingley-Hillyard,E. Austin,"(6-1, 6-1)",,,,,,
1893,,,,,,,R. Wrenn,F. Hovey,"(6-4, 3-6, 6-4, 6-4)",J. Pim,W. Baddeley,"(3-6, 6-1, 6-3, 6-2)",,,,,,,A. Terry,A. Schultz,"(6-1, 6-3)",C. Dod,B. Bingley-Hillyard,"(6-8, 6-1, 6-4)",,,,,,
1892,,,,,,,O. Campbell,F. Hovey,"(7-5, 3-6, 6-3, 7-5)",W. Baddeley,J. Pim,"(4-6, 6-3, 6-3, 6-2)",,,,,,,M. Cahill,E. Moore,"(5-7, 6-3, 6-4, 4-6, 6-2)",C. Dod,B. Bingley-Hillyard,"(6-1, 6-1)",,,,,,
1891,,,,,,,O. Campbell,C. Hobart,"(2-6, 7-5, 7-9, 6-1, 6-2)",W. Baddeley,J. Pim,"(6-4, 1-6, 7-5, 6-0)",,,,,,,M. Cahill,E. Roosevelt,"(6-4, 6-1, 4-6, 6-3)",C. Dod,B. Bingley-Hillyard,"(6-2, 6-1)",,,,,,
1890,,,,,,,O. Campbell,H. Slocum,"(6-2, 4-6, 6-3, 6-1)",W. Hamilton,W. Renshaw,"(6-8, 6-2, 3-6, 6-1, 6-1)",,,,,,,E. Roosevelt,B. Townsend Toulmin,"(6-2, 6-2)",,,,,,,,,
1889,,,,,,,H. Slocum,Q. Shaw,"(6-3, 6-1, 4-6, 6-2)",W. Renshaw,E. Renshaw,"(6-4, 6-1, 3-6, 6-0)",,,,,,,B. Townsend Toulmin,L. Voorhes,"(7-5, 6-2)",B. Bingley-Hillyard,H. Rice,"(4-6, 8-6, 6-4)",,,,,,
1888,,,,,,,H. Slocum,H. Taylor,"(6-4, 6-1, 6-0)",E. Renshaw,H. Lawford,"(6-3, 7-5, 6-0)",,,,,,,B. Townsend Toulmin,E. Hansell,"(6-3, 6-5)",B. Bingley-Hillyard,M. Howes,"(6-1, 6-2)",,,,,,
1887,,,,,,,R. Sears,H. Slocum,"(6-1, 6-3, 6-2)",H. Lawford,E. Renshaw,"(1-6, 6-3, 3-6, 6-4, 6-4)",,,,,,,E. Hansell,L. Knight,"(6-1, 6-0)",C. Dod,E. Cole,"(6-2, 6-3)",,,,,,
1886,,,,,,,R. Sears,R. Beeckman,"(4-6, 6-1, 6-3, 6-4)",W. Renshaw,H. Lawford,"(6-0, 5-7, 6-3, 6-4)",,,,,,,,,,B. Bingley-Hillyard,M. Watson,"(6-3, 6-3)",,,,,,
1885,,,,,,,R. Sears,G. Brinley,"(6-3, 4-6, 6-0, 6-3)",W. Renshaw,H. Lawford,"(7-5, 6-2, 4-6, 7-5)",,,,,,,,,,M. Watson,B. Bingley-Hillyard,"(6-1, 7-5)",,,,,,
1884,,,,,,,R. Sears,H. Taylor,"(6-0, 1-6, 6-0, 6-2)",W. Renshaw,H. Lawford,"(6-0, 6-4, 9-7)",,,,,,,,,,M. Watson,L. Watson,"(6-8, 6-3, 6-3)",,,,,,
1883,,,,,,,R. Sears,J. Dwight,"(6-2, 6-0, 9-7)",W. Renshaw,E. Renshaw,"(2-6, 6-3, 6-3, 4-6, 6-3)",,,,,,,,,,,,,,,,,,
1882,,,,,,,R. Sears,C. Clark,"(6-1, 6-4, 6-0)",W. Renshaw,E. Renshaw,"(6-1, 2-6, 4-6, 6-2, 6-2)",,,,,,,,,,,,,,,,,,
1881,,,,,,,R. Sears,W. Glyn,"(6-0, 6-3, 6-2)",W. Renshaw,J. Hartley,"(6-0, 6-1, 6-1)",,,,,,,,,,,,,,,,,,
1880,,,,,,,,,,J. Hartley,H. Lawford,"(6-3, 6-2, 2-6, 6-3)",,,,,,,,,,,,,,,,,,
1879,,,,,,,,,,J. Hartley,V. Goold,"(6-2, 6-4, 6-2)",,,,,,,,,,,,,,,,,,
1878,,,,,,,,,,P. Hadow,S. Gore,"(7-5, 6-1, 9-7)",,,,,,,,,,,,,,,,,,
1877,,,,,,,,,,S. Gore,W. Marshall,"(6-1, 6-2, 6-4)",,,,,,,,,,,,,,,,,,
